id,content
1,＃にちっちゃいジープ載せてんのかーい！！！
2,採れたて新鮮、＃メロン！！！
3,＃、板チョコバレンタイン！！！
4,＃キレてるよ！！＃キレてる！！
5,＃デカイ！！他が見えない！！
6,＃ナイスカット！！！
7,＃仕上がってるよ！！＃仕上がってる！！
8,＃に鬼神が宿ってる！！！
9,これが＃の新時代！！！
10,秀逸極まりない＃だ！！！
11,＃がケツみたい！！！
12,＃がハチ切れる！！！
13,＃が歩いてる！！！
14,＃新時代の幕開けだ！！！
15,＃がデカイ！！ダチョウの卵！！
16,彫刻みたいな＃！！！
17,＃がデカイ！！チョモランマ！！
18,泣く子も黙る＃！！！
19,グレートプリ＃！！！
20,＃がゴリラみてぇだな！！おい！！
21,＃に羽が生えてる！！！
22,＃がカブトムシの腹みたい！！！
23,＃が三角チョコパイ
24,＃の満員電車だな！！！
25,＃グレネード！！！
26,＃どんどん迫ってくるよ！！！
27,そこまで＃絞るには眠れない夜もあっただろう！！！
28,＃王！！！
29,＃ガンダム！！！
30,目で見た＃だけがリアルだろ！！！
31,もっと歌って＃！！！
32,＃が叫んでる！！！
33,＃が跳ねてる！！！
34,＃が威嚇してる！！！
35,＃にちっちゃい重機のせてんのかーい！！！
36,目で見た＃だけがリアルだろ！！！
37,＃がカニカマの千倍！！！
38,＃が世界一！！ノーベル筋肉賞！！
39,＃、パンゲア大陸！！
40,＃広すぎてパンこねれるわい！！！
41,何が圧迫面接だ！！逆に＃で威圧しろ！！
42,俺のママチャリバッキバキにぶっ壊したのお前の＃だろ！！！
43,＃がヒマラヤ山脈！！！
44,＃のインベーダーゲーム！！！
45,＃の土台が違う！！土台が！！
46,＃デカイ！！他が見えない！！
47,＃デカ美！！！
48,＃で大根すりおろしたい！！！
49,脚と＃が入れ替わってるよ！！君の名は。
50,筋肉の集団面接！！今まで一番力を入れた部位は＃です！！
51,＃の豊洲市場！！
52,＃がデカすぎる！！60LDK！！
53,エヴァンゲリオン＃号機！！！
54,＃が100年磨き続けた泥団子みたい！！！
55,出たな＃お化け！！！
56,＃本舗！！はいズドォォン！！
57,＃がゴリラみてぇだな！！おい！！
58,＃広すぎてパンこねれるわい！！！
59,筋肉の集団面接！！今まで一番力を入れた部位は＃です！！